CID, Name
0, CompanyName0
1, CompanyName1
2, CompanyName2
3, CompanyName3
4, CompanyName4
5, CompanyName5
6, CompanyName6
7, CompanyName7
8, CompanyName8
9, CompanyName9
10, CompanyName10
11, CompanyName11
12, CompanyName12
13, CompanyName13
14, CompanyName14
15, CompanyName15
16, CompanyName16
17, CompanyName17
18, CompanyName18
19, CompanyName19
20, CompanyName20
21, CompanyName21
22, CompanyName22
23, CompanyName23
24, CompanyName24
25, CompanyName25
26, CompanyName26
27, CompanyName27
28, CompanyName28
29, CompanyName29
30, CompanyName30
31, CompanyName31
32, CompanyName32
33, CompanyName33
34, CompanyName34
35, CompanyName35
36, CompanyName36
37, CompanyName37
38, CompanyName38
39, CompanyName39
40, CompanyName40
41, CompanyName41
42, CompanyName42
43, CompanyName43
44, CompanyName44
45, CompanyName45
46, CompanyName46
47, CompanyName47
48, CompanyName48
49, CompanyName49
50, CompanyName50
51, CompanyName51
52, CompanyName52
53, CompanyName53
54, CompanyName54
55, CompanyName55
56, CompanyName56
57, CompanyName57
58, CompanyName58
59, CompanyName59
60, CompanyName60
61, CompanyName61
62, CompanyName62
63, CompanyName63
64, CompanyName64
65, CompanyName65
66, CompanyName66
67, CompanyName67
68, CompanyName68
69, CompanyName69
70, CompanyName70
71, CompanyName71
72, CompanyName72
73, CompanyName73
74, CompanyName74
75, CompanyName75
76, CompanyName76
77, CompanyName77
78, CompanyName78
79, CompanyName79
80, CompanyName80
81, CompanyName81
82, CompanyName82
83, CompanyName83
84, CompanyName84
85, CompanyName85
86, CompanyName86
87, CompanyName87
88, CompanyName88
89, CompanyName89
90, CompanyName90
91, CompanyName91
92, CompanyName92
93, CompanyName93
94, CompanyName94
95, CompanyName95
96, CompanyName96
97, CompanyName97
98, CompanyName98
99, CompanyName99
