Course,Skill
csse0, skill0
csse1, skill1
csse2, skill2
csse3, skill3
csse4, skill4
csse5, skill5
csse6, skill6
csse7, skill7
csse8, skill8
csse9, skill9
csse10, skill10
csse11, skill11
csse12, skill12
csse13, skill13
csse14, skill14
csse15, skill15
csse16, skill16
csse17, skill17
csse18, skill18
csse19, skill19
csse20, skill20
csse21, skill21
csse22, skill22
csse23, skill23
csse24, skill24
csse25, skill25
csse26, skill26
csse27, skill27
csse28, skill28
csse29, skill29
csse30, skill30
csse31, skill31
csse32, skill32
csse33, skill33
csse34, skill34
csse35, skill35
csse36, skill36
csse37, skill37
csse38, skill38
csse39, skill39
csse40, skill40
csse41, skill41
csse42, skill42
csse43, skill43
csse44, skill44
csse45, skill45
csse46, skill46
csse47, skill47
csse48, skill48
csse49, skill49
csse50, skill50
csse51, skill51
csse52, skill52
csse53, skill53
csse54, skill54
csse55, skill55
csse56, skill56
csse57, skill57
csse58, skill58
csse59, skill59
csse60, skill60
csse61, skill61
csse62, skill62
csse63, skill63
csse64, skill64
csse65, skill65
csse66, skill66
csse67, skill67
csse68, skill68
csse69, skill69
csse70, skill70
csse71, skill71
csse72, skill72
csse73, skill73
csse74, skill74
csse75, skill75
csse76, skill76
csse77, skill77
csse78, skill78
csse79, skill79
csse80, skill80
csse81, skill81
csse82, skill82
csse83, skill83
csse84, skill84
csse85, skill85
csse86, skill86
csse87, skill87
csse88, skill88
csse89, skill89
csse90, skill90
csse91, skill91
csse92, skill92
csse93, skill93
csse94, skill94
csse95, skill95
csse96, skill96
csse97, skill97
csse98, skill98
csse99, skill99
chem0, skill0
chem1, skill1
chem2, skill2
chem3, skill3
chem4, skill4
chem5, skill5
chem6, skill6
chem7, skill7
chem8, skill8
chem9, skill9
chem10, skill10
chem11, skill11
chem12, skill12
chem13, skill13
chem14, skill14
chem15, skill15
chem16, skill16
chem17, skill17
chem18, skill18
chem19, skill19
chem20, skill20
chem21, skill21
chem22, skill22
chem23, skill23
chem24, skill24
chem25, skill25
chem26, skill26
chem27, skill27
chem28, skill28
chem29, skill29
chem30, skill30
chem31, skill31
chem32, skill32
chem33, skill33
chem34, skill34
chem35, skill35
chem36, skill36
chem37, skill37
chem38, skill38
chem39, skill39
chem40, skill40
chem41, skill41
chem42, skill42
chem43, skill43
chem44, skill44
chem45, skill45
chem46, skill46
chem47, skill47
chem48, skill48
chem49, skill49
chem50, skill50
chem51, skill51
chem52, skill52
chem53, skill53
chem54, skill54
chem55, skill55
chem56, skill56
chem57, skill57
chem58, skill58
chem59, skill59
chem60, skill60
chem61, skill61
chem62, skill62
chem63, skill63
chem64, skill64
chem65, skill65
chem66, skill66
chem67, skill67
chem68, skill68
chem69, skill69
chem70, skill70
chem71, skill71
chem72, skill72
chem73, skill73
chem74, skill74
chem75, skill75
chem76, skill76
chem77, skill77
chem78, skill78
chem79, skill79
chem80, skill80
chem81, skill81
chem82, skill82
chem83, skill83
chem84, skill84
chem85, skill85
chem86, skill86
chem87, skill87
chem88, skill88
chem89, skill89
chem90, skill90
chem91, skill91
chem92, skill92
chem93, skill93
chem94, skill94
chem95, skill95
chem96, skill96
chem97, skill97
chem98, skill98
chem99, skill99
bio0, skill0
bio1, skill1
bio2, skill2
bio3, skill3
bio4, skill4
bio5, skill5
bio6, skill6
bio7, skill7
bio8, skill8
bio9, skill9
bio10, skill10
bio11, skill11
bio12, skill12
bio13, skill13
bio14, skill14
bio15, skill15
bio16, skill16
bio17, skill17
bio18, skill18
bio19, skill19
bio20, skill20
bio21, skill21
bio22, skill22
bio23, skill23
bio24, skill24
bio25, skill25
bio26, skill26
bio27, skill27
bio28, skill28
bio29, skill29
bio30, skill30
bio31, skill31
bio32, skill32
bio33, skill33
bio34, skill34
bio35, skill35
bio36, skill36
bio37, skill37
bio38, skill38
bio39, skill39
bio40, skill40
bio41, skill41
bio42, skill42
bio43, skill43
bio44, skill44
bio45, skill45
bio46, skill46
bio47, skill47
bio48, skill48
bio49, skill49
bio50, skill50
bio51, skill51
bio52, skill52
bio53, skill53
bio54, skill54
bio55, skill55
bio56, skill56
bio57, skill57
bio58, skill58
bio59, skill59
bio60, skill60
bio61, skill61
bio62, skill62
bio63, skill63
bio64, skill64
bio65, skill65
bio66, skill66
bio67, skill67
bio68, skill68
bio69, skill69
bio70, skill70
bio71, skill71
bio72, skill72
bio73, skill73
bio74, skill74
bio75, skill75
bio76, skill76
bio77, skill77
bio78, skill78
bio79, skill79
bio80, skill80
bio81, skill81
bio82, skill82
bio83, skill83
bio84, skill84
bio85, skill85
bio86, skill86
bio87, skill87
bio88, skill88
bio89, skill89
bio90, skill90
bio91, skill91
bio92, skill92
bio93, skill93
bio94, skill94
bio95, skill95
bio96, skill96
bio97, skill97
bio98, skill98
bio99, skill99
bmth0, skill0
bmth1, skill1
bmth2, skill2
bmth3, skill3
bmth4, skill4
bmth5, skill5
bmth6, skill6
bmth7, skill7
bmth8, skill8
bmth9, skill9
bmth10, skill10
bmth11, skill11
bmth12, skill12
bmth13, skill13
bmth14, skill14
bmth15, skill15
bmth16, skill16
bmth17, skill17
bmth18, skill18
bmth19, skill19
bmth20, skill20
bmth21, skill21
bmth22, skill22
bmth23, skill23
bmth24, skill24
bmth25, skill25
bmth26, skill26
bmth27, skill27
bmth28, skill28
bmth29, skill29
bmth30, skill30
bmth31, skill31
bmth32, skill32
bmth33, skill33
bmth34, skill34
bmth35, skill35
bmth36, skill36
bmth37, skill37
bmth38, skill38
bmth39, skill39
bmth40, skill40
bmth41, skill41
bmth42, skill42
bmth43, skill43
bmth44, skill44
bmth45, skill45
bmth46, skill46
bmth47, skill47
bmth48, skill48
bmth49, skill49
bmth50, skill50
bmth51, skill51
bmth52, skill52
bmth53, skill53
bmth54, skill54
bmth55, skill55
bmth56, skill56
bmth57, skill57
bmth58, skill58
bmth59, skill59
bmth60, skill60
bmth61, skill61
bmth62, skill62
bmth63, skill63
bmth64, skill64
bmth65, skill65
bmth66, skill66
bmth67, skill67
bmth68, skill68
bmth69, skill69
bmth70, skill70
bmth71, skill71
bmth72, skill72
bmth73, skill73
bmth74, skill74
bmth75, skill75
bmth76, skill76
bmth77, skill77
bmth78, skill78
bmth79, skill79
bmth80, skill80
bmth81, skill81
bmth82, skill82
bmth83, skill83
bmth84, skill84
bmth85, skill85
bmth86, skill86
bmth87, skill87
bmth88, skill88
bmth89, skill89
bmth90, skill90
bmth91, skill91
bmth92, skill92
bmth93, skill93
bmth94, skill94
bmth95, skill95
bmth96, skill96
bmth97, skill97
bmth98, skill98
bmth99, skill99
be0, skill0
be1, skill1
be2, skill2
be3, skill3
be4, skill4
be5, skill5
be6, skill6
be7, skill7
be8, skill8
be9, skill9
be10, skill10
be11, skill11
be12, skill12
be13, skill13
be14, skill14
be15, skill15
be16, skill16
be17, skill17
be18, skill18
be19, skill19
be20, skill20
be21, skill21
be22, skill22
be23, skill23
be24, skill24
be25, skill25
be26, skill26
be27, skill27
be28, skill28
be29, skill29
be30, skill30
be31, skill31
be32, skill32
be33, skill33
be34, skill34
be35, skill35
be36, skill36
be37, skill37
be38, skill38
be39, skill39
be40, skill40
be41, skill41
be42, skill42
be43, skill43
be44, skill44
be45, skill45
be46, skill46
be47, skill47
be48, skill48
be49, skill49
be50, skill50
be51, skill51
be52, skill52
be53, skill53
be54, skill54
be55, skill55
be56, skill56
be57, skill57
be58, skill58
be59, skill59
be60, skill60
be61, skill61
be62, skill62
be63, skill63
be64, skill64
be65, skill65
be66, skill66
be67, skill67
be68, skill68
be69, skill69
be70, skill70
be71, skill71
be72, skill72
be73, skill73
be74, skill74
be75, skill75
be76, skill76
be77, skill77
be78, skill78
be79, skill79
be80, skill80
be81, skill81
be82, skill82
be83, skill83
be84, skill84
be85, skill85
be86, skill86
be87, skill87
be88, skill88
be89, skill89
be90, skill90
be91, skill91
be92, skill92
be93, skill93
be94, skill94
be95, skill95
be96, skill96
be97, skill97
be98, skill98
be99, skill99
che0, skill0
che1, skill1
che2, skill2
che3, skill3
che4, skill4
che5, skill5
che6, skill6
che7, skill7
che8, skill8
che9, skill9
che10, skill10
che11, skill11
che12, skill12
che13, skill13
che14, skill14
che15, skill15
che16, skill16
che17, skill17
che18, skill18
che19, skill19
che20, skill20
che21, skill21
che22, skill22
che23, skill23
che24, skill24
che25, skill25
che26, skill26
che27, skill27
che28, skill28
che29, skill29
che30, skill30
che31, skill31
che32, skill32
che33, skill33
che34, skill34
che35, skill35
che36, skill36
che37, skill37
che38, skill38
che39, skill39
che40, skill40
che41, skill41
che42, skill42
che43, skill43
che44, skill44
che45, skill45
che46, skill46
che47, skill47
che48, skill48
che49, skill49
che50, skill50
che51, skill51
che52, skill52
che53, skill53
che54, skill54
che55, skill55
che56, skill56
che57, skill57
che58, skill58
che59, skill59
che60, skill60
che61, skill61
che62, skill62
che63, skill63
che64, skill64
che65, skill65
che66, skill66
che67, skill67
che68, skill68
che69, skill69
che70, skill70
che71, skill71
che72, skill72
che73, skill73
che74, skill74
che75, skill75
che76, skill76
che77, skill77
che78, skill78
che79, skill79
che80, skill80
che81, skill81
che82, skill82
che83, skill83
che84, skill84
che85, skill85
che86, skill86
che87, skill87
che88, skill88
che89, skill89
che90, skill90
che91, skill91
che92, skill92
che93, skill93
che94, skill94
che95, skill95
che96, skill96
che97, skill97
che98, skill98
che99, skill99
ce0, skill0
ce1, skill1
ce2, skill2
ce3, skill3
ce4, skill4
ce5, skill5
ce6, skill6
ce7, skill7
ce8, skill8
ce9, skill9
ce10, skill10
ce11, skill11
ce12, skill12
ce13, skill13
ce14, skill14
ce15, skill15
ce16, skill16
ce17, skill17
ce18, skill18
ce19, skill19
ce20, skill20
ce21, skill21
ce22, skill22
ce23, skill23
ce24, skill24
ce25, skill25
ce26, skill26
ce27, skill27
ce28, skill28
ce29, skill29
ce30, skill30
ce31, skill31
ce32, skill32
ce33, skill33
ce34, skill34
ce35, skill35
ce36, skill36
ce37, skill37
ce38, skill38
ce39, skill39
ce40, skill40
ce41, skill41
ce42, skill42
ce43, skill43
ce44, skill44
ce45, skill45
ce46, skill46
ce47, skill47
ce48, skill48
ce49, skill49
ce50, skill50
ce51, skill51
ce52, skill52
ce53, skill53
ce54, skill54
ce55, skill55
ce56, skill56
ce57, skill57
ce58, skill58
ce59, skill59
ce60, skill60
ce61, skill61
ce62, skill62
ce63, skill63
ce64, skill64
ce65, skill65
ce66, skill66
ce67, skill67
ce68, skill68
ce69, skill69
ce70, skill70
ce71, skill71
ce72, skill72
ce73, skill73
ce74, skill74
ce75, skill75
ce76, skill76
ce77, skill77
ce78, skill78
ce79, skill79
ce80, skill80
ce81, skill81
ce82, skill82
ce83, skill83
ce84, skill84
ce85, skill85
ce86, skill86
ce87, skill87
ce88, skill88
ce89, skill89
ce90, skill90
ce91, skill91
ce92, skill92
ce93, skill93
ce94, skill94
ce95, skill95
ce96, skill96
ce97, skill97
ce98, skill98
ce99, skill99
me0, skill0
me1, skill1
me2, skill2
me3, skill3
me4, skill4
me5, skill5
me6, skill6
me7, skill7
me8, skill8
me9, skill9
me10, skill10
me11, skill11
me12, skill12
me13, skill13
me14, skill14
me15, skill15
me16, skill16
me17, skill17
me18, skill18
me19, skill19
me20, skill20
me21, skill21
me22, skill22
me23, skill23
me24, skill24
me25, skill25
me26, skill26
me27, skill27
me28, skill28
me29, skill29
me30, skill30
me31, skill31
me32, skill32
me33, skill33
me34, skill34
me35, skill35
me36, skill36
me37, skill37
me38, skill38
me39, skill39
me40, skill40
me41, skill41
me42, skill42
me43, skill43
me44, skill44
me45, skill45
me46, skill46
me47, skill47
me48, skill48
me49, skill49
me50, skill50
me51, skill51
me52, skill52
me53, skill53
me54, skill54
me55, skill55
me56, skill56
me57, skill57
me58, skill58
me59, skill59
me60, skill60
me61, skill61
me62, skill62
me63, skill63
me64, skill64
me65, skill65
me66, skill66
me67, skill67
me68, skill68
me69, skill69
me70, skill70
me71, skill71
me72, skill72
me73, skill73
me74, skill74
me75, skill75
me76, skill76
me77, skill77
me78, skill78
me79, skill79
me80, skill80
me81, skill81
me82, skill82
me83, skill83
me84, skill84
me85, skill85
me86, skill86
me87, skill87
me88, skill88
me89, skill89
me90, skill90
me91, skill91
me92, skill92
me93, skill93
me94, skill94
me95, skill95
me96, skill96
me97, skill97
me98, skill98
me99, skill99
ece, skill0
ece, skill1
ece, skill2
ece, skill3
ece, skill4
ece, skill5
ece, skill6
ece, skill7
ece, skill8
ece, skill9
ece, skill10
ece, skill11
ece, skill12
ece, skill13
ece, skill14
ece, skill15
ece, skill16
ece, skill17
ece, skill18
ece, skill19
ece, skill20
ece, skill21
ece, skill22
ece, skill23
ece, skill24
ece, skill25
ece, skill26
ece, skill27
ece, skill28
ece, skill29
ece, skill30
ece, skill31
ece, skill32
ece, skill33
ece, skill34
ece, skill35
ece, skill36
ece, skill37
ece, skill38
ece, skill39
ece, skill40
ece, skill41
ece, skill42
ece, skill43
ece, skill44
ece, skill45
ece, skill46
ece, skill47
ece, skill48
ece, skill49
ece, skill50
ece, skill51
ece, skill52
ece, skill53
ece, skill54
ece, skill55
ece, skill56
ece, skill57
ece, skill58
ece, skill59
ece, skill60
ece, skill61
ece, skill62
ece, skill63
ece, skill64
ece, skill65
ece, skill66
ece, skill67
ece, skill68
ece, skill69
ece, skill70
ece, skill71
ece, skill72
ece, skill73
ece, skill74
ece, skill75
ece, skill76
ece, skill77
ece, skill78
ece, skill79
ece, skill80
ece, skill81
ece, skill82
ece, skill83
ece, skill84
ece, skill85
ece, skill86
ece, skill87
ece, skill88
ece, skill89
ece, skill90
ece, skill91
ece, skill92
ece, skill93
ece, skill94
ece, skill95
ece, skill96
ece, skill97
ece, skill98
ece, skill99
ma0, skill0
ma1, skill1
ma2, skill2
ma3, skill3
ma4, skill4
ma5, skill5
ma6, skill6
ma7, skill7
ma8, skill8
ma9, skill9
ma10, skill10
ma11, skill11
ma12, skill12
ma13, skill13
ma14, skill14
ma15, skill15
ma16, skill16
ma17, skill17
ma18, skill18
ma19, skill19
ma20, skill20
ma21, skill21
ma22, skill22
ma23, skill23
ma24, skill24
ma25, skill25
ma26, skill26
ma27, skill27
ma28, skill28
ma29, skill29
ma30, skill30
ma31, skill31
ma32, skill32
ma33, skill33
ma34, skill34
ma35, skill35
ma36, skill36
ma37, skill37
ma38, skill38
ma39, skill39
ma40, skill40
ma41, skill41
ma42, skill42
ma43, skill43
ma44, skill44
ma45, skill45
ma46, skill46
ma47, skill47
ma48, skill48
ma49, skill49
ma50, skill50
ma51, skill51
ma52, skill52
ma53, skill53
ma54, skill54
ma55, skill55
ma56, skill56
ma57, skill57
ma58, skill58
ma59, skill59
ma60, skill60
ma61, skill61
ma62, skill62
ma63, skill63
ma64, skill64
ma65, skill65
ma66, skill66
ma67, skill67
ma68, skill68
ma69, skill69
ma70, skill70
ma71, skill71
ma72, skill72
ma73, skill73
ma74, skill74
ma75, skill75
ma76, skill76
ma77, skill77
ma78, skill78
ma79, skill79
ma80, skill80
ma81, skill81
ma82, skill82
ma83, skill83
ma84, skill84
ma85, skill85
ma86, skill86
ma87, skill87
ma88, skill88
ma89, skill89
ma90, skill90
ma91, skill91
ma92, skill92
ma93, skill93
ma94, skill94
ma95, skill95
ma96, skill96
ma97, skill97
ma98, skill98
ma99, skill99
ph0, skill0
ph1, skill1
ph2, skill2
ph3, skill3
ph4, skill4
ph5, skill5
ph6, skill6
ph7, skill7
ph8, skill8
ph9, skill9
ph10, skill10
ph11, skill11
ph12, skill12
ph13, skill13
ph14, skill14
ph15, skill15
ph16, skill16
ph17, skill17
ph18, skill18
ph19, skill19
ph20, skill20
ph21, skill21
ph22, skill22
ph23, skill23
ph24, skill24
ph25, skill25
ph26, skill26
ph27, skill27
ph28, skill28
ph29, skill29
ph30, skill30
ph31, skill31
ph32, skill32
ph33, skill33
ph34, skill34
ph35, skill35
ph36, skill36
ph37, skill37
ph38, skill38
ph39, skill39
ph40, skill40
ph41, skill41
ph42, skill42
ph43, skill43
ph44, skill44
ph45, skill45
ph46, skill46
ph47, skill47
ph48, skill48
ph49, skill49
ph50, skill50
ph51, skill51
ph52, skill52
ph53, skill53
ph54, skill54
ph55, skill55
ph56, skill56
ph57, skill57
ph58, skill58
ph59, skill59
ph60, skill60
ph61, skill61
ph62, skill62
ph63, skill63
ph64, skill64
ph65, skill65
ph66, skill66
ph67, skill67
ph68, skill68
ph69, skill69
ph70, skill70
ph71, skill71
ph72, skill72
ph73, skill73
ph74, skill74
ph75, skill75
ph76, skill76
ph77, skill77
ph78, skill78
ph79, skill79
ph80, skill80
ph81, skill81
ph82, skill82
ph83, skill83
ph84, skill84
ph85, skill85
ph86, skill86
ph87, skill87
ph88, skill88
ph89, skill89
ph90, skill90
ph91, skill91
ph92, skill92
ph93, skill93
ph94, skill94
ph95, skill95
ph96, skill96
ph97, skill97
ph98, skill98
ph99, skill99
