PosID, Salary, Name, Location, StartDate, Description
0,99285, Name0, Location0, 5/28/18, Description0
1,123849, Name1, Location1, 5/28/18, Description1
2,88647, Name2, Location2, 5/28/18, Description2
3,26287, Name3, Location3, 5/28/18, Description3
4,120161, Name4, Location4, 5/28/18, Description4
5,39282, Name5, Location5, 5/28/18, Description5
6,131682, Name6, Location6, 5/28/18, Description6
7,119989, Name7, Location7, 5/28/18, Description7
8,95449, Name8, Location8, 5/28/18, Description8
9,62261, Name9, Location9, 5/28/18, Description9
10,37912, Name10, Location10, 5/28/18, Description10
11,63872, Name11, Location11, 5/28/18, Description11
12,133381, Name12, Location12, 5/28/18, Description12
13,127602, Name13, Location13, 5/28/18, Description13
14,54098, Name14, Location14, 5/28/18, Description14
15,115694, Name15, Location15, 5/28/18, Description15
16,11893, Name16, Location16, 5/28/18, Description16
17,31303, Name17, Location17, 5/28/18, Description17
18,92840, Name18, Location18, 5/28/18, Description18
19,83116, Name19, Location19, 5/28/18, Description19
20,18438, Name20, Location20, 5/28/18, Description20
21,25193, Name21, Location21, 5/28/18, Description21
22,23290, Name22, Location22, 5/28/18, Description22
23,54883, Name23, Location23, 5/28/18, Description23
24,51555, Name24, Location24, 5/28/18, Description24
25,40200, Name25, Location25, 5/28/18, Description25
26,40254, Name26, Location26, 5/28/18, Description26
27,28360, Name27, Location27, 5/28/18, Description27
28,91371, Name28, Location28, 5/28/18, Description28
29,23891, Name29, Location29, 5/28/18, Description29
30,30813, Name30, Location30, 5/28/18, Description30
31,125552, Name31, Location31, 5/28/18, Description31
32,89064, Name32, Location32, 5/28/18, Description32
33,31454, Name33, Location33, 5/28/18, Description33
34,2459, Name34, Location34, 5/28/18, Description34
35,16461, Name35, Location35, 5/28/18, Description35
36,134731, Name36, Location36, 5/28/18, Description36
37,15338, Name37, Location37, 5/28/18, Description37
38,91037, Name38, Location38, 5/28/18, Description38
39,84437, Name39, Location39, 5/28/18, Description39
40,29218, Name40, Location40, 5/28/18, Description40
41,50918, Name41, Location41, 5/28/18, Description41
42,130977, Name42, Location42, 5/28/18, Description42
43,37276, Name43, Location43, 5/28/18, Description43
44,49697, Name44, Location44, 5/28/18, Description44
45,111310, Name45, Location45, 5/28/18, Description45
46,37891, Name46, Location46, 5/28/18, Description46
47,83449, Name47, Location47, 5/28/18, Description47
48,12480, Name48, Location48, 5/28/18, Description48
49,86286, Name49, Location49, 5/28/18, Description49
50,77258, Name50, Location50, 5/28/18, Description50
51,47756, Name51, Location51, 5/28/18, Description51
52,134565, Name52, Location52, 5/28/18, Description52
53,19298, Name53, Location53, 5/28/18, Description53
54,101817, Name54, Location54, 5/28/18, Description54
55,20263, Name55, Location55, 5/28/18, Description55
56,72588, Name56, Location56, 5/28/18, Description56
57,71850, Name57, Location57, 5/28/18, Description57
58,56021, Name58, Location58, 5/28/18, Description58
59,1791, Name59, Location59, 5/28/18, Description59
60,83930, Name60, Location60, 5/28/18, Description60
61,112175, Name61, Location61, 5/28/18, Description61
62,61569, Name62, Location62, 5/28/18, Description62
63,63846, Name63, Location63, 5/28/18, Description63
64,38094, Name64, Location64, 5/28/18, Description64
65,63923, Name65, Location65, 5/28/18, Description65
66,16830, Name66, Location66, 5/28/18, Description66
67,96630, Name67, Location67, 5/28/18, Description67
68,78759, Name68, Location68, 5/28/18, Description68
69,125312, Name69, Location69, 5/28/18, Description69
70,28939, Name70, Location70, 5/28/18, Description70
71,72037, Name71, Location71, 5/28/18, Description71
72,104085, Name72, Location72, 5/28/18, Description72
73,114821, Name73, Location73, 5/28/18, Description73
74,69844, Name74, Location74, 5/28/18, Description74
75,87259, Name75, Location75, 5/28/18, Description75
76,13431, Name76, Location76, 5/28/18, Description76
77,92077, Name77, Location77, 5/28/18, Description77
78,66418, Name78, Location78, 5/28/18, Description78
79,138564, Name79, Location79, 5/28/18, Description79
80,92503, Name80, Location80, 5/28/18, Description80
81,65439, Name81, Location81, 5/28/18, Description81
82,14103, Name82, Location82, 5/28/18, Description82
83,26196, Name83, Location83, 5/28/18, Description83
84,67585, Name84, Location84, 5/28/18, Description84
85,93526, Name85, Location85, 5/28/18, Description85
86,52943, Name86, Location86, 5/28/18, Description86
87,42195, Name87, Location87, 5/28/18, Description87
88,37826, Name88, Location88, 5/28/18, Description88
89,102537, Name89, Location89, 5/28/18, Description89
90,84864, Name90, Location90, 5/28/18, Description90
91,37978, Name91, Location91, 5/28/18, Description91
92,68417, Name92, Location92, 5/28/18, Description92
93,118548, Name93, Location93, 5/28/18, Description93
94,111037, Name94, Location94, 5/28/18, Description94
95,74035, Name95, Location95, 5/28/18, Description95
96,34121, Name96, Location96, 5/28/18, Description96
97,15141, Name97, Location97, 5/28/18, Description97
98,137709, Name98, Location98, 5/28/18, Description98
99,11578, Name99, Location99, 5/28/18, Description99
